,index,dbn,school_name,num_of_sat_test_takers,sat_critical_reading_avg_score,sat_math_avg_score,sat_writing_avg_score,avg,gross_scores
0,0,01M292,HENRY STREET SCHOOL FOR INTERNATIONAL STUDIES,29.0,355.0,404.0,363.0,374.0,32538.0
1,1,01M448,UNIVERSITY NEIGHBORHOOD HIGH SCHOOL,91.0,383.0,423.0,366.0,390.6666666666667,106652.0
2,2,01M450,EAST SIDE COMMUNITY SCHOOL,70.0,377.0,402.0,370.0,383.0,80430.0
3,3,01M458,FORSYTH SATELLITE ACADEMY,7.0,414.0,401.0,359.0,391.3333333333333,8218.0
4,4,01M509,MARTA VALLE HIGH SCHOOL,44.0,390.0,433.0,384.0,402.3333333333333,53108.0
5,5,01M515,LOWER EAST SIDE PREPARATORY HIGH SCHOOL,112.0,332.0,557.0,316.0,401.6666666666667,134960.0
6,6,01M539,"NEW EXPLORATIONS INTO SCIENCE, TECHNOLOGY AND MATH HIGH SCHOOL",159.0,522.0,574.0,525.0,540.3333333333334,257739.0
7,7,01M650,CASCADES HIGH SCHOOL,18.0,417.0,418.0,411.0,415.3333333333333,22428.0
8,8,01M696,BARD HIGH SCHOOL EARLY COLLEGE,130.0,624.0,604.0,628.0,618.6666666666666,241280.0
9,9,02M047,47 THE AMERICAN SIGN LANGUAGE AND ENGLISH SECONDARY SCHOOL,16.0,395.0,400.0,387.0,394.0,18912.0
10,10,02M288,FOOD AND FINANCE HIGH SCHOOL,62.0,409.0,393.0,392.0,398.0,74028.0
11,11,02M294,ESSEX STREET ACADEMY,53.0,394.0,384.0,378.0,385.3333333333333,61268.0
12,12,02M296,HIGH SCHOOL OF HOSPITALITY MANAGEMENT,58.0,374.0,375.0,362.0,370.3333333333333,64438.0
13,13,02M298,PACE HIGH SCHOOL,85.0,423.0,438.0,432.0,431.0,109905.0
14,14,02M300,"URBAN ASSEMBLY SCHOOL OF DESIGN AND CONSTRUCTION, THE",48.0,404.0,449.0,416.0,423.0,60912.0
15,15,02M303,"FACING HISTORY SCHOOL, THE",76.0,353.0,358.0,340.0,350.3333333333333,79876.0
16,16,02M305,"URBAN ASSEMBLY ACADEMY OF GOVERNMENT AND LAW, THE",50.0,375.0,388.0,385.0,382.6666666666667,57400.0
17,17,02M308,LOWER MANHATTAN ARTS ACADEMY,40.0,403.0,392.0,405.0,400.0,48000.0
18,18,02M313,"JAMES BALDWIN SCHOOL, THE: A SCHOOL FOR EXPEDITIONARY LEARNING",69.0,408.0,390.0,390.0,396.0,81972.0
19,19,02M316,"URBAN ASSEMBLY SCHOOL OF BUSINESS FOR YOUNG WOMEN, THE",42.0,373.0,370.0,384.0,375.6666666666667,47334.0
20,20,02M374,GRAMERCY ARTS HIGH SCHOOL,60.0,391.0,391.0,394.0,392.0,70560.0
21,21,02M376,NYC ISCHOOL,92.0,473.0,483.0,479.0,478.3333333333333,132020.0
22,24,02M394,EMMA LAZARUS HIGH SCHOOL,79.0,319.0,512.0,357.0,396.0,93852.0
23,26,02M400,HIGH SCHOOL FOR ENVIRONMENTAL STUDIES,263.0,465.0,493.0,461.0,473.0,373197.0
24,27,02M407,INSTITUTE FOR COLLABORATIVE EDUCATION,54.0,492.0,465.0,467.0,474.6666666666667,76896.0
25,28,02M408,PROFESSIONAL PERFORMING ARTS HIGH SCHOOL,94.0,509.0,490.0,523.0,507.3333333333333,143068.0
26,29,02M411,BARUCH COLLEGE CAMPUS HIGH SCHOOL,104.0,496.0,563.0,518.0,525.6666666666666,164008.0
27,30,02M412,N.Y.C. LAB SCHOOL FOR COLLABORATIVE STUDIES,114.0,537.0,590.0,550.0,559.0,191178.0
28,31,02M413,SCHOOL OF THE FUTURE HIGH SCHOOL,66.0,517.0,533.0,515.0,521.6666666666666,103290.0
29,32,02M414,N.Y.C. MUSEUM SCHOOL,103.0,468.0,492.0,459.0,473.0,146157.0
30,33,02M416,ELEANOR ROOSEVELT HIGH SCHOOL,127.0,572.0,594.0,592.0,586.0,223266.0
31,34,02M418,MILLENNIUM HIGH SCHOOL,144.0,528.0,553.0,533.0,538.0,232416.0
32,35,02M419,LANDMARK HIGH SCHOOL,62.0,390.0,399.0,381.0,390.0,72540.0
33,36,02M420,HIGH SCHOOL FOR HEALTH PROFESSIONS AND HUMAN SERVICES,336.0,429.0,449.0,428.0,435.3333333333333,438816.0
34,37,02M425,LEADERSHIP AND PUBLIC SERVICE HIGH SCHOOL,84.0,416.0,426.0,391.0,411.0,103572.0
35,39,02M429,LEGACY SCHOOL FOR INTEGRATED STUDIES,29.0,356.0,357.0,349.0,354.0,30798.0
36,42,02M439,MANHATTAN VILLAGE ACADEMY,95.0,441.0,473.0,458.0,457.3333333333333,130340.0
37,43,02M440,BAYARD RUSTIN EDUCATIONAL COMPLEX,59.0,378.0,365.0,368.0,370.3333333333333,65549.0
38,44,02M449,VANGUARD HIGH SCHOOL,72.0,395.0,416.0,388.0,399.6666666666667,86328.0
39,45,02M459,MANHATTAN INTERNATIONAL HIGH SCHOOL,49.0,376.0,460.0,391.0,409.0,60123.0
40,46,02M460,WASHINGTON IRVING HIGH SCHOOL,151.0,373.0,387.0,360.0,373.3333333333333,169120.0
41,48,02M475,STUYVESANT HIGH SCHOOL,832.0,679.0,735.0,682.0,698.6666666666666,1743872.0
42,49,02M489,HIGH SCHOOL OF ECONOMICS AND FINANCE,167.0,443.0,489.0,442.0,458.0,229458.0
43,50,02M500,UNITY CENTER FOR URBAN TECHNOLOGIES,25.0,370.0,349.0,351.0,356.6666666666667,26750.0
44,51,02M519,TALENT UNLIMITED HIGH SCHOOL,81.0,469.0,472.0,475.0,472.0,114696.0
45,52,02M520,MURRY BERGTRAUM HIGH SCHOOL FOR BUSINESS CAREERS,264.0,407.0,440.0,393.0,413.3333333333333,327360.0
46,53,02M529,JACQUELINE KENNEDY ONASSIS HIGH SCHOOL,131.0,414.0,425.0,400.0,413.0,162309.0
47,54,02M531,REPERTORY COMPANY HIGH SCHOOL FOR THEATRE ARTS,42.0,429.0,404.0,420.0,417.6666666666667,52626.0
48,55,02M542,MANHATTAN BRIDGES HIGH SCHOOL,66.0,336.0,378.0,344.0,352.6666666666667,69828.0
49,56,02M543,NEW DESIGN HIGH SCHOOL,73.0,391.0,395.0,382.0,389.3333333333333,85264.0
50,57,02M544,INDEPENDENCE HIGH SCHOOL,14.0,389.0,371.0,335.0,365.0,15330.0
51,58,02M545,HIGH SCHOOL FOR DUAL LANGUAGE AND ASIAN STUDIES,78.0,412.0,581.0,431.0,474.6666666666667,111072.0
52,59,02M550,LIBERTY HIGH SCHOOL ACADEMY FOR NEWCOMERS,26.0,368.0,436.0,352.0,385.3333333333333,30056.0
53,60,02M551,THE URBAN ASSEMBLY NEW YORK HARBOR SCHOOL,77.0,405.0,423.0,384.0,404.0,93324.0
54,61,02M560,HIGH SCHOOL M560 s CITY AS SCHOOL,56.0,498.0,440.0,477.0,471.6666666666667,79240.0
55,62,02M565,URBAN ACADEMY LABORATORY HIGH SCHOOL,30.0,527.0,508.0,512.0,515.6666666666666,46410.0
56,63,02M570,SATELLITE ACADEMY HIGH SCHOOL,33.0,350.0,337.0,345.0,344.0,34056.0
57,64,02M575,MANHATTAN COMPREHENSIVE NIGHT AND DAY HIGH SCHOOL,121.0,345.0,517.0,343.0,401.6666666666667,145805.0
58,65,02M580,RICHARD R. GREEN HIGH SCHOOL OF TEACHING,84.0,408.0,384.0,403.0,398.3333333333333,100380.0
59,66,02M586,HARVEY MILK HIGH SCHOOL,9.0,458.0,416.0,429.0,434.3333333333333,11727.0
60,67,02M600,THE HIGH SCHOOL OF FASHION INDUSTRIES,335.0,423.0,423.0,411.0,419.0,421095.0
61,68,02M605,HUMANITIES PREPARATORY ACADEMY,36.0,426.0,403.0,426.0,418.3333333333333,45180.0
62,69,02M615,CHELSEA CAREER AND TECHNICAL EDUCATION HIGH SCHOOL,83.0,399.0,418.0,390.0,402.3333333333333,100181.0
63,70,02M620,NORMAN THOMAS HIGH SCHOOL,154.0,370.0,379.0,359.0,369.3333333333333,170632.0
64,71,02M625,HIGH SCHOOL OF GRAPHIC COMMUNICATION ARTS,191.0,395.0,382.0,376.0,384.3333333333333,220223.0
65,72,02M630,ART AND DESIGN HIGH SCHOOL,270.0,444.0,441.0,430.0,438.3333333333333,355050.0
66,73,02M655,LIFE SCIENCES SECONDARY SCHOOL,61.0,409.0,424.0,403.0,412.0,75396.0
67,74,03M283,MANHATTAN THEATRE LAB HIGH SCHOOL,27.0,406.0,379.0,408.0,397.6666666666667,32211.0
68,75,03M299,"HIGH SCHOOL FOR ARTS, IMAGINATION AND INQUIRY",49.0,374.0,384.0,374.0,377.3333333333333,55468.0
69,76,03M307,"URBAN ASSEMBLY SCHOOL FOR MEDIA STUDIES, THE",41.0,384.0,390.0,370.0,381.3333333333333,46904.0
70,79,03M404,INNOVATION DIPLOMA PLUS,12.0,416.0,403.0,381.0,400.0,14400.0
71,80,03M415,WADLEIGH SECONDARY SCHOOL FOR THE PERFORMING & VISUAL ARTS,32.0,371.0,368.0,370.0,369.6666666666667,35488.0
72,82,03M470,LOUIS D. BRANDEIS HIGH SCHOOL,131.0,370.0,390.0,358.0,372.6666666666667,146458.0
73,83,03M479,BEACON HIGH SCHOOL,261.0,577.0,575.0,592.0,581.3333333333334,455184.0
74,84,03M485,FIORELLO H. LAGUARDIA HIGH SCHOOL OF MUSIC & ART AND PERFORMING ARTS,531.0,566.0,564.0,577.0,569.0,906417.0
75,85,03M492,"HIGH SCHOOL FOR LAW, ADVOCACY AND COMMUNITY JUSTICE",66.0,396.0,398.0,402.0,398.6666666666667,78936.0
76,86,03M494,HIGH SCHOOL OF ARTS AND TECHNOLOGY,75.0,433.0,433.0,411.0,425.6666666666667,95775.0
77,87,03M505,EDWARD A. REYNOLDS WEST SIDE HIGH SCHOOL,35.0,401.0,369.0,351.0,373.6666666666667,39235.0
78,88,03M541,MANHATTAN / HUNTER SCIENCE HIGH SCHOOL,111.0,473.0,506.0,467.0,482.0,160506.0
79,90,03M860,FREDERICK DOUGLASS ACADEMY II SECONDARY SCHOOL,43.0,356.0,379.0,361.0,365.3333333333333,47128.0
80,91,04M409,COALITION SCHOOL FOR SOCIAL CHANGE,48.0,354.0,357.0,373.0,361.3333333333333,52032.0
81,92,04M435,MANHATTAN CENTER FOR SCIENCE AND MATHEMATICS,375.0,461.0,514.0,455.0,476.6666666666667,536250.0
82,93,04M495,PARK EAST HIGH SCHOOL,51.0,373.0,379.0,376.0,376.0,57528.0
83,94,04M555,CENTRAL PARK EAST HIGH SCHOOL,73.0,405.0,421.0,395.0,407.0,89133.0
84,95,04M610,YOUNG WOMEN'S LEADERSHIP SCHOOL,70.0,432.0,446.0,448.0,442.0,92820.0
85,96,04M635,ACADEMY OF ENVIRONMENTAL SCIENCE SECONDARY HIGH SCHOOL,48.0,369.0,369.0,357.0,365.0,52560.0
86,97,04M680,"HERITAGE SCHOOL, THE",31.0,358.0,351.0,345.0,351.3333333333333,32674.0
87,98,05M285,HARLEM RENAISSANCE HIGH SCHOOL,29.0,357.0,318.0,333.0,336.0,29232.0
88,99,05M304,MOTT HALL HIGH SCHOOL,54.0,413.0,399.0,398.0,403.3333333333333,65340.0
89,101,05M367,ACADEMY FOR SOCIAL ACTION: A COLLEGE BOARD SCHOOL,33.0,354.0,366.0,342.0,354.0,35046.0
90,102,05M369,URBAN ASSEMBLY SCHOOL FOR THE PERFORMING ARTS,56.0,360.0,353.0,364.0,359.0,60312.0
91,103,05M469,CHOIR ACADEMY OF HARLEM,20.0,354.0,360.0,385.0,366.3333333333333,21980.0
92,104,05M499,FREDERICK DOUGLASS ACADEMY,214.0,458.0,474.0,442.0,458.0,294036.0
93,105,05M670,THURGOOD MARSHALL ACADEMY FOR LEARNING AND SOCIAL CHANGE,66.0,396.0,402.0,404.0,400.6666666666667,79332.0
94,106,05M685,BREAD & ROSES INTEGRATED ARTS HIGH SCHOOL,61.0,369.0,361.0,355.0,361.6666666666667,66185.0
95,107,05M692,"HIGH SCHOOL FOR MATHEMATICS, SCIENCE AND ENGINEERING AT CITY COLLEGE",101.0,605.0,654.0,588.0,615.6666666666666,186547.0
96,108,06M293,CITY COLLEGE ACADEMY OF THE ARTS,60.0,408.0,446.0,416.0,423.3333333333333,76200.0
97,109,06M346,COMMUNITY HEALTH ACADEMY OF THE HEIGHTS,55.0,362.0,376.0,367.0,368.3333333333333,60775.0
98,110,06M348,WASHINGTON HEIGHTS EXPEDITIONARY LEARNING SCHOOL,70.0,380.0,395.0,399.0,391.3333333333333,82180.0
99,112,06M457,GEORGE WASHINGTON YABC,7.0,394.0,357.0,346.0,365.6666666666667,7679.0
100,113,06M462,HIGH SCHOOL FOR INTERNATIONAL BUSINESS AND FINANCE,76.0,365.0,384.0,378.0,375.6666666666667,85652.0
101,114,06M463,HIGH SCHOOL FOR MEDIA AND COMMUNICATIONS,63.0,369.0,380.0,349.0,366.0,69174.0
102,115,06M467,HIGH SCHOOL FOR LAW AND PUBLIC SERVICE,94.0,363.0,378.0,361.0,367.3333333333333,103588.0
103,116,06M468,HIGH SCHOOL FOR HEALTH CAREERS AND SCIENCES,24.0,400.0,422.0,402.0,408.0,29376.0
104,117,06M540,A. PHILIP RANDOLPH CAMPUS HIGH SCHOOL,228.0,430.0,456.0,423.0,436.3333333333333,298452.0
105,118,06M552,GREGORIO LUPERON HIGH SCHOOL FOR SCIENCE AND MATHEMATICS,56.0,339.0,349.0,326.0,338.0,56784.0
106,119,07X221,SOUTH BRONX PREPARATORY: A COLLEGE BOARD SCHOOL,65.0,364.0,378.0,348.0,363.3333333333333,70850.0
107,120,07X321,CROTONA ACADEMY HIGH SCHOOL,9.0,379.0,364.0,382.0,375.0,10125.0
108,121,07X334,INTERNATIONAL COMMUNITY HIGH SCHOOL,34.0,310.0,324.0,311.0,315.0,32130.0
109,124,07X427,COMMUNITY SCHOOL FOR SOCIAL JUSTICE,43.0,361.0,359.0,357.0,359.0,46311.0
110,125,07X473,MOTT HAVEN VILLAGE PREPARATORY HIGH SCHOOL,63.0,351.0,375.0,371.0,365.6666666666667,69111.0
111,126,07X495,UNIVERSITY HEIGHTS SECONDARY SCHOOL,79.0,403.0,394.0,404.0,400.3333333333333,94879.0
112,127,07X500,HOSTOSsLINCOLN ACADEMY OF SCIENCE,66.0,420.0,426.0,411.0,419.0,82962.0
113,128,07X520,FOREIGN LANGUAGE ACADEMY OF GLOBAL STUDIES,64.0,399.0,396.0,391.0,395.3333333333333,75904.0
114,129,07X527,BRONX LEADERSHIP ACADEMY II HIGH SCHOOL,62.0,362.0,378.0,363.0,367.6666666666667,68386.0
115,130,07X547,NEW EXPLORERS HIGH SCHOOL,28.0,367.0,356.0,361.0,361.3333333333333,30352.0
116,131,07X548,URBAN ASSEMBLY SCHOOL FOR CAREERS IN SPORTS,44.0,387.0,411.0,383.0,393.6666666666667,51964.0
117,132,07X551,BRONX ACADEMY OF LETTERS,51.0,413.0,381.0,407.0,400.3333333333333,61251.0
118,133,07X600,ALFRED E. SMITH CAREER AND TECHNICAL EDUCATION HIGH SCHOOL,76.0,394.0,400.0,364.0,386.0,88008.0
119,134,07X655,SAMUEL GOMPERS CAREER AND TECHNICAL EDUCATION HIGH SCHOOL,47.0,398.0,416.0,370.0,394.6666666666667,55648.0
120,135,07X670,HEALTH OPPORTUNITIES HIGH SCHOOL,114.0,363.0,368.0,364.0,365.0,124830.0
121,137,08X282,WOMEN'S ACADEMY OF EXCELLENCE,44.0,407.0,386.0,378.0,390.3333333333333,51524.0
122,138,08X293,RENAISSANCE HIGH SCHOOL FOR MUSICAL THEATER & TECHNOLOGY,52.0,384.0,385.0,389.0,386.0,60216.0
123,139,08X295,GATEWAY SCHOOL FOR ENVIRONMENTAL RESEARCH AND TECHNOLOGY,41.0,416.0,390.0,394.0,400.0,49200.0
124,140,08X305,PABLO NERUDA ACADEMY FOR ARCHITECTURE AND WORLD STUDIES,67.0,337.0,361.0,340.0,346.0,69546.0
125,141,08X312,MILLENNIUM ART ACADEMY,67.0,387.0,402.0,375.0,388.0,77988.0
126,142,08X332,HOLCOMBE L. RUCKER SCHOOL OF COMMUNITY RESEARCH,39.0,363.0,371.0,350.0,361.3333333333333,42276.0
127,145,08X377,BRONX COMMUNITY HIGH SCHOOL,9.0,367.0,369.0,376.0,370.6666666666667,10008.0
128,146,08X405,HERBERT H. LEHMAN HIGH SCHOOL,415.0,412.0,436.0,393.0,413.6666666666667,515015.0
129,147,08X408,HERBERT H. LEHMAN YABC,6.0,402.0,373.0,413.0,396.0,7128.0
130,149,08X452,BRONX GUILD,39.0,369.0,371.0,365.0,368.3333333333333,43095.0
131,151,08X519,"FELISA RINCON DE GAUTIER INSTITUTE FOR LAW AND PUBLIC POLICY, THE",68.0,373.0,370.0,356.0,366.3333333333333,74732.0
132,152,08X530,BANANA KELLY HIGH SCHOOL,54.0,373.0,381.0,377.0,377.0,61074.0
133,154,08X540,SCHOOL FOR COMMUNITY RESEARCH AND LEARNING,16.0,366.0,400.0,368.0,378.0,18144.0
134,155,08X560,HIGH SCHOOL X560 s BRONX ACADEMY HIGH SCHOOL,9.0,404.0,368.0,399.0,390.3333333333333,10539.0
135,156,08X650,JANE ADDAMS HIGH SCHOOL FOR ACADEMIC CAREERS,78.0,377.0,359.0,376.0,370.6666666666667,86736.0
136,157,09X227,BRONX EXPEDITIONARY LEARNING HIGH SCHOOL,39.0,324.0,376.0,349.0,349.6666666666667,40911.0
137,158,09X231,EAGLE ACADEMY FOR YOUNG MEN,78.0,373.0,387.0,374.0,378.0,88452.0
138,159,09X239,"URBAN ASSEMBLY ACADEMY FOR HISTORY AND CITIZENSHIP FOR YOUNG MEN, THE",33.0,372.0,355.0,357.0,361.3333333333333,35772.0
139,160,09X241,"URBAN ASSEMBLY SCHOOL FOR APPLIED MATH AND SCIENCE, THE",80.0,411.0,464.0,415.0,430.0,103200.0
140,161,09X250,EXIMIUS COLLEGE PREPARATORY ACADEMY: A COLLEGE BOARD SCHOOL,50.0,393.0,394.0,382.0,389.6666666666667,58450.0
141,162,09X252,MOTT HALL BRONX HIGH SCHOOL,67.0,369.0,367.0,356.0,364.0,73164.0
142,163,09X260,BRONX CENTER FOR SCIENCE AND MATHEMATICS,81.0,459.0,480.0,457.0,465.3333333333333,113076.0
143,164,09X263,VALIDUS PREPARATORY ACADEMY: AN EXPEDITIONARY LEARNING SCHOOL,74.0,356.0,363.0,356.0,358.3333333333333,79550.0
144,165,09X276,LEADERSHIP INSTITUTE,30.0,361.0,353.0,367.0,360.3333333333333,32430.0
145,166,09X297,MORRIS ACADEMY FOR COLLABORATIVE STUDIES,38.0,386.0,386.0,376.0,382.6666666666667,43624.0
146,168,09X329,DREAMYARD PREPARATORY SCHOOL,51.0,382.0,365.0,391.0,379.3333333333333,58038.0
147,169,09X365,ACADEMY FOR LANGUAGE AND TECHNOLOGY,54.0,315.0,339.0,297.0,317.0,51354.0
148,170,09X403,BRONX INTERNATIONAL HIGH SCHOOL,49.0,314.0,312.0,339.0,321.6666666666667,47285.0
149,171,09X404,SCHOOL FOR EXCELLENCE,32.0,363.0,360.0,351.0,358.0,34368.0
150,172,09X412,BRONX HIGH SCHOOL OF BUSINESS,34.0,356.0,376.0,351.0,361.0,36822.0
151,173,09X413,BRONX HIGH SCHOOL FOR MEDICAL SCIENCE,64.0,400.0,419.0,402.0,407.0,78144.0
152,174,09X414,JONATHAN LEVIN HIGH SCHOOL FOR MEDIA AND COMMUNICATIONS,35.0,379.0,364.0,379.0,374.0,39270.0
153,175,09X505,"BRONX SCHOOL FOR LAW, GOVERNMENT AND JUSTICE",80.0,404.0,418.0,402.0,408.0,97920.0
154,176,09X517,FREDERICK DOUGLASS ACADEMY III SECONDARY SCHOOL,50.0,368.0,384.0,369.0,373.6666666666667,56050.0
155,177,09X525,BRONX LEADERSHIP ACADEMY HIGH SCHOOL,114.0,384.0,394.0,388.0,388.6666666666667,132924.0
156,178,09X543,HIGH SCHOOL FOR VIOLIN AND DANCE,27.0,353.0,315.0,371.0,346.3333333333333,28053.0
157,179,10X141,RIVERDALE / KINGSBRIDGE ACADEMY (MIDDLE SCHOOL / HIGH SCHOOL 141),113.0,438.0,455.0,440.0,444.3333333333333,150629.0
158,180,10X213,BRONX ENGINEERING AND TECHNOLOGY ACADEMY,86.0,373.0,412.0,365.0,383.3333333333333,98900.0
159,181,10X225,THEATRE ARTS PRODUCTION COMPANY SCHOOL,59.0,405.0,391.0,394.0,396.6666666666667,70210.0
160,182,10X237,"THE MARIE CURIE SCHOOL FOR MEDICINE, NURSING, AND HEALTH PROFESSIONS",79.0,382.0,393.0,382.0,385.6666666666667,91403.0
161,183,10X243,WEST BRONX ACADEMY FOR THE FUTURE,26.0,382.0,406.0,370.0,386.0,30108.0
162,184,10X268,KINGSBRIDGE INTERNATIONAL HIGH SCHOOL,52.0,304.0,356.0,302.0,320.6666666666667,50024.0
163,185,10X284,BRONX SCHOOL OF LAW AND FINANCE,54.0,402.0,395.0,385.0,394.0,63828.0
164,187,10X342,INTERNATIONAL SCHOOL FOR LIBERAL ARTS,49.0,300.0,333.0,301.0,311.3333333333333,45766.0
165,188,10X368,INsTECH ACADEMY (M.S. / HIGH SCHOOL 368),111.0,390.0,408.0,383.0,393.6666666666667,131091.0
166,189,10X374,KNOWLEDGE AND POWER PREPARATORY ACADEMY INTERNATIONAL HIGH SCHOOL (KAPPA),61.0,392.0,401.0,387.0,393.3333333333333,71980.0
167,190,10X397,ENGLISH LANGUAGE LEARNERS AND INTERNATIONAL SUPPORT PREPARATORY ACADEMY (ELLIS),38.0,343.0,356.0,330.0,343.0,39102.0
168,191,10X433,HIGH SCHOOL FOR TEACHING AND THE PROFESSIONS,57.0,370.0,371.0,365.0,368.6666666666667,63042.0
169,192,10X434,BELMONT PREPARATORY HIGH SCHOOL,51.0,404.0,418.0,400.0,407.3333333333333,62322.0
170,193,10X437,FORDHAM HIGH SCHOOL FOR THE ARTS,48.0,355.0,350.0,372.0,359.0,51696.0
171,194,10X438,FORDHAM LEADERSHIP ACADEMY FOR BUSINESS AND TECHNOLOGY,63.0,367.0,385.0,367.0,373.0,70497.0
172,195,10X439,BRONX HIGH SCHOOL FOR LAW AND COMMUNITY SERVICE,65.0,366.0,364.0,352.0,360.6666666666667,70330.0
173,196,10X440,DEWITT CLINTON HIGH SCHOOL,443.0,419.0,426.0,410.0,418.3333333333333,555965.0
174,197,10X442,"CELIA CRUZ BRONX HIGH SCHOOL OF MUSIC, THE",52.0,423.0,420.0,427.0,423.3333333333333,66040.0
175,198,10X445,BRONX HIGH SCHOOL OF SCIENCE,731.0,632.0,688.0,649.0,656.3333333333334,1439339.0
176,199,10X475,JOHN F. KENNEDY HIGH SCHOOL,109.0,351.0,362.0,339.0,350.6666666666667,114668.0
177,200,10X477,MARBLE HILL HIGH SCHOOL FOR INTERNATIONAL STUDIES,99.0,414.0,435.0,414.0,421.0,125037.0
178,202,10X546,BRONX THEATRE HIGH SCHOOL,68.0,348.0,362.0,354.0,354.6666666666667,72352.0
179,203,10X549,DISCOVERY HIGH SCHOOL,55.0,372.0,379.0,364.0,371.6666666666667,61325.0
180,204,10X660,GRACE DODGE CAREER AND TECHNICAL EDUCATION HIGH SCHOOL,73.0,362.0,382.0,356.0,366.6666666666667,80300.0
181,205,10X667,GRACE DODGE YABC,10.0,350.0,356.0,317.0,341.0,10230.0
182,206,10X696,HIGH SCHOOL OF AMERICAN STUDIES AT LEHMAN COLLEGE,92.0,636.0,648.0,636.0,640.0,176640.0
183,207,11X249,BRONX HEALTH SCIENCES HIGH SCHOOL,74.0,370.0,381.0,382.0,377.6666666666667,83842.0
184,208,11X253,BRONX HIGH SCHOOL FOR WRITING AND COMMUNICATION ARTS,46.0,400.0,357.0,390.0,382.3333333333333,52762.0
185,209,11X265,BRONX LAB SCHOOL,81.0,377.0,391.0,367.0,378.3333333333333,91935.0
186,210,11X270,ACADEMY FOR SCHOLARSHIP AND ENTREPRENEURSHIP: A COLLEGE BOARD SCHOOL,56.0,386.0,394.0,361.0,380.3333333333333,63896.0
187,211,11X275,HIGH SCHOOL OF COMPUTERS AND TECHNOLOGY,72.0,381.0,376.0,354.0,370.3333333333333,79992.0
188,212,11X288,COLLEGIATE INSTITUTE FOR MATH AND SCIENCE,97.0,444.0,471.0,433.0,449.3333333333333,130756.0
189,213,11X290,BRONX ACADEMY OF HEALTH CAREERS,69.0,387.0,365.0,383.0,378.3333333333333,78315.0
190,214,11X299,ASTOR COLLEGIATE ACADEMY,60.0,387.0,391.0,391.0,389.6666666666667,70140.0
191,215,11X415,CHRISTOPHER COLUMBUS HIGH SCHOOL,121.0,367.0,361.0,353.0,360.3333333333333,130801.0
192,217,11X418,BRONX HIGH SCHOOL FOR THE VISUAL ARTS,48.0,419.0,433.0,416.0,422.6666666666667,60864.0
193,218,11X455,HARRY S TRUMAN HIGH SCHOOL,189.0,386.0,397.0,368.0,383.6666666666667,217539.0
194,220,11X513,NEW WORLD HIGH SCHOOL,72.0,332.0,381.0,335.0,349.3333333333333,75456.0
195,221,11X514,THE BRONXWOOD PREPARATORY ACADEMY,48.0,377.0,372.0,363.0,370.6666666666667,53376.0
196,222,11X541,GLOBAL ENTERPRISE HIGH SCHOOL,57.0,372.0,382.0,375.0,376.3333333333333,64353.0
197,223,11X542,PELHAM PREPARATORY ACADEMY,76.0,431.0,438.0,419.0,429.3333333333333,97888.0
198,224,11X544,HIGH SCHOOL FOR CONTEMPORARY ARTS,55.0,383.0,378.0,365.0,375.3333333333333,61930.0
199,225,11X545,BRONX AEROSPACE HIGH SCHOOL,46.0,388.0,393.0,382.0,387.6666666666667,53498.0
200,226,12X245,NEW DAY ACADEMY,25.0,348.0,344.0,354.0,348.6666666666667,26150.0
201,227,12X248,"METROPOLITAN HIGH SCHOOL, THE",49.0,347.0,367.0,341.0,351.6666666666667,51695.0
202,228,12X251,EXPLORATIONS ACADEMY,57.0,381.0,381.0,360.0,374.0,63954.0
203,229,12X262,PERFORMANCE CONSERVATORY HIGH SCHOOL,30.0,361.0,353.0,360.0,358.0,32220.0
204,230,12X267,BRONX LATIN,36.0,408.0,432.0,411.0,417.0,45036.0
205,231,12X271,EAST BRONX ACADEMY FOR THE FUTURE,46.0,366.0,378.0,358.0,367.3333333333333,50692.0
206,232,12X278,PEACE AND DIVERSITY ACADEMY,34.0,390.0,401.0,364.0,385.0,39270.0
207,233,12X388,PAN AMERICAN INTERNATIONAL HIGH SCHOOL AT MONROE,30.0,321.0,351.0,298.0,323.3333333333333,29100.0
208,235,12X446,ARTURO A. SCHOMBURG SATELLITE ACADEMY BRONX,14.0,380.0,372.0,349.0,367.0,15414.0
209,238,12X480,BRONX REGIONAL HIGH SCHOOL,16.0,398.0,385.0,398.0,393.6666666666667,18896.0
210,239,12X550,HIGH SCHOOL OF WORLD CULTURES,42.0,304.0,323.0,312.0,313.0,39438.0
211,240,12X682,FANNIE LOU HAMER FREEDOM HIGH SCHOOL,72.0,342.0,346.0,341.0,343.0,74088.0
212,241,12X684,WINGS ACADEMY,66.0,378.0,374.0,362.0,371.3333333333333,73524.0
213,242,12X690,MONROE ACADEMY FOR BUSINESS/LAW,31.0,375.0,387.0,376.0,379.3333333333333,35278.0
214,243,12X692,MONROE ACADEMY FOR VISUAL ARTS & DESIGN,43.0,332.0,357.0,349.0,346.0,44634.0
215,244,13K265,DR. SUSAN S. MCKINNEY SECONDARY SCHOOL OF THE ARTS,29.0,352.0,349.0,373.0,358.0,31146.0
216,245,13K336,ACADEMY OF BUSINESS AND COMMUNITY DEVELOPMENT,9.0,439.0,374.0,418.0,410.3333333333333,11079.0
217,246,13K350,URBAN ASSEMBLY HIGH SCHOOL OF MUSIC AND ART,52.0,360.0,364.0,356.0,360.0,56160.0
218,247,13K412,"BROOKLYN COMMUNITY HIGH SCHOOL OF COMMUNICATION, ARTS AND MEDIA",37.0,375.0,355.0,384.0,371.3333333333333,41218.0
219,248,13K419,"SCIENCE SKILLS CENTER HIGH SCHOOL FOR SCIENCE, TECHNOLOGY AND THE CREATIVE ARTS",92.0,399.0,417.0,395.0,403.6666666666667,111412.0
220,249,13K430,BROOKLYN TECHNICAL HIGH SCHOOL,1277.0,587.0,659.0,587.0,611.0,2340741.0
221,250,13K439,BROOKLYN INTERNATIONAL HIGH SCHOOL,90.0,305.0,364.0,312.0,327.0,88290.0
222,251,13K483,THE URBAN ASSEMBLY SCHOOL FOR LAW AND JUSTICE,105.0,400.0,417.0,389.0,402.0,126630.0
223,252,13K499,ACORN COMMUNITY HIGH SCHOOL,72.0,384.0,364.0,368.0,372.0,80352.0
224,253,13K509,FREEDOM ACADEMY HIGH SCHOOL,29.0,400.0,390.0,403.0,397.6666666666667,34597.0
225,255,13K553,BROOKLYN ACADEMY HIGH SCHOOL,8.0,435.0,383.0,379.0,399.0,9576.0
226,256,13K575,BEDFORD STUYVESANT PREPARATORY HIGH SCHOOL,13.0,398.0,391.0,394.0,394.3333333333333,15379.0
227,257,13K595,BEDFORD ACADEMY HIGH SCHOOL,89.0,438.0,443.0,431.0,437.3333333333333,116768.0
228,258,13K605,GEORGE WESTINGHOUSE CAREER AND TECHNICAL EDUCATION HIGH SCHOOL,85.0,406.0,391.0,392.0,396.3333333333333,101065.0
229,260,13K670,BENJAMIN BANNEKER ACADEMY,185.0,471.0,472.0,448.0,463.6666666666667,257335.0
230,261,13K674,"CITY POLYTECHNIC HIGH SCHOOL OF ENGINEERING, ARCHITECTURE, AND TECHNOLOGY",20.0,441.0,499.0,413.0,451.0,27060.0
231,262,14K071,JUAN MOREL CAMPOS SECONDARY SCHOOL,102.0,365.0,361.0,359.0,361.6666666666667,110670.0
232,264,14K404,ACADEMY FOR YOUNG WRITERS,68.0,387.0,357.0,381.0,375.0,76500.0
233,265,14K449,"BROOKLYN LATIN SCHOOL, THE",72.0,586.0,584.0,570.0,580.0,125280.0
234,266,14K454,GREEN SCHOOL: AN ACADEMY FOR ENVIRONMENTAL CAREERS,41.0,407.0,386.0,396.0,396.3333333333333,48749.0
235,267,14K474,PROGRESS HIGH SCHOOL FOR PROFESSIONAL CAREERS,144.0,364.0,379.0,371.0,371.3333333333333,160416.0
236,268,14K477,SCHOOL FOR LEGAL STUDIES,134.0,413.0,396.0,395.0,401.3333333333333,161336.0
237,269,14K478,"THE HIGH SCHOOL FOR ENTERPRISE, BUSINESS AND TECHNOLOGY",142.0,398.0,421.0,396.0,405.0,172530.0
238,270,14K488,BROOKLYN PREPARATORY HIGH SCHOOL,42.0,367.0,373.0,350.0,363.3333333333333,45780.0
239,271,14K558,WILLIAMSBURG HIGH SCHOOL FOR ARCHITECTURE AND DESIGN,72.0,363.0,385.0,364.0,370.6666666666667,80064.0
240,272,14K561,WILLIAMSBURG PREPARATORY SCHOOL,113.0,397.0,410.0,380.0,395.6666666666667,134131.0
241,273,14K586,LYONS COMMUNITY SCHOOL,31.0,371.0,377.0,355.0,367.6666666666667,34193.0
242,274,14K610,AUTOMOTIVE HIGH SCHOOL,94.0,367.0,376.0,350.0,364.3333333333333,102742.0
243,275,14K632,FRANCES PERKINS ACADEMY,12.0,382.0,372.0,368.0,374.0,13464.0
244,276,14K685,EL PUENTE ACADEMY FOR PEACE AND JUSTICE,28.0,359.0,335.0,341.0,345.0,28980.0
245,278,15K429,BROOKLYN SCHOOL FOR GLOBAL STUDIES,52.0,361.0,367.0,383.0,370.3333333333333,57772.0
246,279,15K448,BROOKLYN SECONDARY SCHOOL FOR COLLABORATIVE STUDIES,76.0,393.0,399.0,387.0,393.0,89604.0
247,280,15K462,SECONDARY SCHOOL FOR LAW,59.0,398.0,411.0,394.0,401.0,70977.0
248,281,15K463,SECONDARY SCHOOL FOR JOURNALISM,58.0,397.0,391.0,381.0,389.6666666666667,67802.0
249,282,15K464,PARK SLOPE COLLEGIATE,72.0,379.0,416.0,380.0,391.6666666666667,84600.0
250,283,15K497,SCHOOL FOR INTERNATIONAL STUDIES,64.0,405.0,415.0,392.0,404.0,77568.0
251,284,15K519,COBBLE HILL SCHOOL OF AMERICAN STUDIES,77.0,398.0,402.0,385.0,395.0,91245.0
252,285,15K520,PACIFIC HIGH SCHOOL,9.0,352.0,341.0,300.0,331.0,8937.0
253,287,15K530,METROPOLITAN CORPORATE ACADEMY HIGH SCHOOL,28.0,368.0,365.0,368.0,367.0,30828.0
254,288,15K656,BROOKLYN HIGH SCHOOL OF THE ARTS,141.0,426.0,421.0,411.0,419.3333333333333,177378.0
255,290,15K698,SOUTH BROOKLYN COMMUNITY HIGH SCHOOL,8.0,430.0,416.0,425.0,423.6666666666667,10168.0
256,291,16K393,FREDERICK DOUGLASS ACADEMY IV SECONDARY SCHOOL,20.0,355.0,355.0,358.0,356.0,21360.0
257,292,16K455,BOYS AND GIRLS HIGH SCHOOL,131.0,365.0,370.0,362.0,365.6666666666667,143707.0
258,293,16K498,BROOKLYN HIGH SCHOOL FOR LAW AND TECHNOLOGY,46.0,362.0,372.0,358.0,364.0,50232.0
259,294,16K594,GOTHAM PROFESSIONAL ARTS ACADEMY,36.0,370.0,372.0,351.0,364.3333333333333,39348.0
260,296,17K382,ACADEMY FOR COLLEGE PREPARATION AND CAREER EXPLORATION: A COLLEGE BOARD SCHOOL,59.0,396.0,374.0,369.0,379.6666666666667,67201.0
261,297,17K408,ACADEMY OF HOSPITALITY AND TOURISM,57.0,352.0,342.0,351.0,348.3333333333333,59565.0
262,299,17K489,W.E.B. DUBOIS ACADEMIC HIGH SCHOOL,7.0,394.0,364.0,334.0,364.0,7644.0
263,300,17K524,INTERNATIONAL HIGH SCHOOL AT PROSPECT HEIGHTS,71.0,287.0,335.0,291.0,304.3333333333333,64823.0
264,301,17K528,THE HIGH SCHOOL FOR GLOBAL CITIZENSHIP,46.0,403.0,385.0,388.0,392.0,54096.0
265,302,17K531,"SCHOOL FOR HUMAN RIGHTS, THE",35.0,348.0,381.0,359.0,362.6666666666667,38080.0
266,303,17K533,SCHOOL FOR DEMOCRACY AND LEADERSHIP,38.0,377.0,404.0,372.0,384.3333333333333,43814.0
267,304,17K537,HIGH SCHOOL FOR YOUTH AND COMMUNITY DEVELOPMENT AT ERASMUS,73.0,338.0,349.0,340.0,342.3333333333333,74971.0
268,305,17K539,HIGH SCHOOL FOR SERVICE & LEARNING AT ERASMUS,61.0,362.0,375.0,368.0,368.3333333333333,67405.0
269,306,17K543,"SCIENCE, TECHNOLOGY AND RESEARCH EARLY COLLEGE HIGH SCHOOL AT ERASMUS",69.0,457.0,462.0,441.0,453.3333333333333,93840.0
270,307,17K544,INTERNATIONAL ARTS BUSINESS SCHOOL,54.0,386.0,391.0,369.0,382.0,61884.0
271,308,17K546,HIGH SCHOOL FOR PUBLIC SERVICE: HEROES OF TOMORROW,79.0,418.0,441.0,414.0,424.3333333333333,100567.0
272,309,17K547,BROOKLYN ACADEMY OF SCIENCE AND THE ENVIRONMENT,63.0,388.0,382.0,373.0,381.0,72009.0
273,310,17K548,BROOKLYN SCHOOL FOR MUSIC & THEATRE,48.0,385.0,393.0,373.0,383.6666666666667,55248.0
274,311,17K568,BROWNSVILLE ACADEMY HIGH SCHOOL,16.0,372.0,356.0,335.0,354.3333333333333,17008.0
275,312,17K590,MEDGAR EVERS COLLEGE PREPARATORY SCHOOL,165.0,476.0,481.0,479.0,478.6666666666667,236940.0
276,313,17K600,CLARA BARTON HIGH SCHOOL,259.0,425.0,413.0,413.0,417.0,324009.0
277,314,17K625,PAUL ROBESON HIGH SCHOOL,53.0,365.0,363.0,355.0,361.0,57399.0
278,316,18K563,IT TAKES A VILLAGE ACADEMY,56.0,313.0,320.0,330.0,321.0,53928.0
279,317,18K566,BROOKLYN GENERATION SCHOOL,29.0,374.0,377.0,394.0,381.6666666666667,33205.0
280,318,18K567,BROOKLYN THEATRE ARTS HIGH SCHOOL,54.0,383.0,358.0,377.0,372.6666666666667,60372.0
281,319,18K569,KURT HAHN EXPEDITIONARY LEARNING SCHOOL,43.0,368.0,378.0,346.0,364.0,46956.0
282,320,18K576,VICTORY COLLEGIATE HIGH SCHOOL,63.0,387.0,377.0,379.0,381.0,72009.0
283,321,18K578,BROOKLYN BRIDGE ACADEMY,17.0,384.0,362.0,351.0,365.6666666666667,18649.0
284,322,18K589,ARTS & MEDIA PREPARATORY ACADEMY,48.0,361.0,360.0,359.0,360.0,51840.0
285,323,18K617,HIGH SCHOOL FOR INNOVATION IN ADVERTISING AND MEDIA,37.0,404.0,393.0,386.0,394.3333333333333,43771.0
286,324,18K629,CULTURAL ACADEMY FOR THE ARTS AND SCIENCES,33.0,393.0,395.0,381.0,389.6666666666667,38577.0
287,325,18K633,HIGH SCHOOL FOR MEDICAL PROFESSIONS,75.0,386.0,380.0,393.0,386.3333333333333,86925.0
288,326,18K635,OLYMPUS ACADEMY,7.0,400.0,370.0,370.0,380.0,7980.0
289,327,18K637,ACADEMY FOR CONSERVATION AND THE ENVIRONMENT,35.0,363.0,381.0,367.0,370.3333333333333,38885.0
290,328,18K642,URBAN ACTION ACADEMY,40.0,376.0,385.0,374.0,378.3333333333333,45400.0
291,329,18K673,EAST BROOKLYN COMMUNITY HIGH SCHOOL,12.0,410.0,403.0,378.0,397.0,14292.0
292,330,19K409,EAST NEW YORK FAMILY ACADEMY,54.0,416.0,432.0,394.0,414.0,67068.0
293,333,19K502,FDNY HIGH SCHOOL FOR FIRE AND LIFE SAFETY,37.0,341.0,349.0,333.0,341.0,37851.0
294,334,19K504,HIGH SCHOOL FOR CIVIL RIGHTS,47.0,363.0,349.0,342.0,351.3333333333333,49538.0
295,335,19K507,PERFORMING ARTS AND TECHNOLOGY HIGH SCHOOL,61.0,380.0,386.0,383.0,383.0,70089.0
296,336,19K510,WORLD ACADEMY FOR TOTAL COMMUNITY HEALTH HIGH SCHOOL,68.0,371.0,365.0,370.0,368.6666666666667,75208.0
297,337,19K583,MULTICULTURAL HIGH SCHOOL,29.0,279.0,322.0,286.0,295.6666666666667,25723.0
298,338,19K615,TRANSIT TECH CAREER AND TECHNICAL EDUCATION HIGH SCHOOL,182.0,395.0,418.0,380.0,397.6666666666667,217126.0
299,339,19K618,ACADEMY OF INNOVATIVE TECHNOLOGY,60.0,371.0,371.0,354.0,365.3333333333333,65760.0
300,340,19K639,BROOKLYN LAB SCHOOL,57.0,360.0,385.0,363.0,369.3333333333333,63156.0
301,341,19K659,CYPRESS HILLS COLLEGIATE PREPARATORY SCHOOL,51.0,376.0,385.0,368.0,376.3333333333333,57579.0
302,342,19K660,W. H. MAXWELL CAREER AND TECHNICAL EDUCATION HIGH SCHOOL,74.0,370.0,369.0,363.0,367.3333333333333,81548.0
303,343,19K683,"THE SCHOOL FOR CLASSICS: AN ACADEMY OF THINKERS, WRITERS AND PERFORMERS",38.0,383.0,400.0,374.0,385.6666666666667,43966.0
304,344,20K445,NEW UTRECHT HIGH SCHOOL,456.0,402.0,471.0,399.0,424.0,580032.0
305,345,20K485,HIGH SCHOOL OF TELECOMMUNICATION ARTS AND TECHNOLOGY,238.0,425.0,474.0,424.0,441.0,314874.0
306,346,20K490,FORT HAMILTON HIGH SCHOOL,694.0,417.0,478.0,411.0,435.3333333333333,906364.0
307,347,20K505,FRANKLIN DELANO ROOSEVELT HIGH SCHOOL,385.0,383.0,486.0,375.0,414.6666666666667,478940.0
308,349,20K658,FRANKLIN DELANO ROOSEVELT YABC,18.0,338.0,477.0,316.0,377.0,20358.0
309,350,21K337,INTERNATIONAL HIGH SCHOOL AT LAFAYETTE,54.0,326.0,386.0,314.0,342.0,55404.0
310,351,21K344,RACHEL CARSON HIGH SCHOOL FOR COASTAL STUDIES,54.0,402.0,427.0,408.0,412.3333333333333,66798.0
311,352,21K348,HIGH SCHOOL OF SPORTS MANAGEMENT,39.0,388.0,398.0,378.0,388.0,45396.0
312,353,21K410,ABRAHAM LINCOLN HIGH SCHOOL,475.0,396.0,437.0,393.0,408.6666666666667,582350.0
313,356,21K525,EDWARD R. MURROW HIGH SCHOOL,727.0,468.0,496.0,467.0,477.0,1040337.0
314,357,21K540,JOHN DEWEY HIGH SCHOOL,448.0,404.0,468.0,390.0,420.6666666666667,565376.0
315,358,21K559,LIFE ACADEMY HIGH SCHOOL FOR FILM AND MUSIC,40.0,384.0,375.0,365.0,374.6666666666667,44960.0
316,359,21K572,EXPEDITIONARY LEARNING SCHOOL FOR COMMUNITY LEADERS,40.0,353.0,370.0,356.0,359.6666666666667,43160.0
317,360,21K620,WILLIAM E. GRADY CAREER AND TECHNICAL EDUCATION HIGH SCHOOL,95.0,394.0,414.0,376.0,394.6666666666667,112480.0
318,361,21K690,BROOKLYN STUDIO SECONDARY SCHOOL,119.0,429.0,449.0,435.0,437.6666666666667,156247.0
319,362,21K728,LIBERATION DIPLOMA PLUS,10.0,411.0,369.0,373.0,384.3333333333333,11530.0
320,363,22K405,MIDWOOD HIGH SCHOOL,824.0,478.0,519.0,476.0,491.0,1213752.0
321,364,22K425,JAMES MADISON HIGH SCHOOL,518.0,436.0,475.0,439.0,450.0,699300.0
322,365,22K495,SHEEPSHEAD BAY HIGH SCHOOL,236.0,383.0,392.0,370.0,381.6666666666667,270220.0
323,366,22K535,LEON M. GOLDSTEIN HIGH SCHOOL FOR THE SCIENCES,259.0,524.0,561.0,542.0,542.3333333333334,421393.0
324,367,22K555,BROOKLYN COLLEGE ACADEMY,131.0,456.0,456.0,440.0,450.6666666666667,177112.0
325,368,23K493,BROOKLYN COLLEGIATE: A COLLEGE BOARD SCHOOL,60.0,389.0,409.0,387.0,395.0,71100.0
326,369,23K514,FREDERICK DOUGLASS ACADEMY VII HIGH SCHOOL,55.0,361.0,371.0,359.0,363.6666666666667,60005.0
327,370,23K643,BROOKLYN DEMOCRACY ACADEMY,11.0,349.0,338.0,331.0,339.3333333333333,11198.0
328,371,23K646,ASPIRATIONS DIPLOMA PLUS HIGH SCHOOL,7.0,311.0,371.0,311.0,331.0,6951.0
329,372,23K647,METROPOLITAN DIPLOMA PLUS HIGH SCHOOL,17.0,350.0,346.0,332.0,342.6666666666667,17476.0
330,373,23K697,TEACHERS PREPARATORY HIGH SCHOOL,69.0,392.0,416.0,388.0,398.6666666666667,82524.0
331,374,24Q264,ACADEMY OF FINANCE AND ENTERPRISE,89.0,405.0,454.0,421.0,426.6666666666667,113920.0
332,375,24Q267,HIGH SCHOOL OF APPLIED COMMUNICATION,39.0,406.0,413.0,400.0,406.3333333333333,47541.0
333,376,24Q293,CIVIC LEADERSHIP ACADEMY,69.0,404.0,429.0,407.0,413.3333333333333,85560.0
334,377,24Q296,PAN AMERICAN INTERNATIONAL HIGH SCHOOL,55.0,317.0,323.0,311.0,317.0,52305.0
335,378,24Q299,BARD HIGH SCHOOL EARLY COLLEGE II,155.0,545.0,568.0,550.0,554.3333333333334,257765.0
336,379,24Q455,NEWTOWN HIGH SCHOOL,320.0,383.0,440.0,380.0,401.0,384960.0
337,381,24Q485,GROVER CLEVELAND HIGH SCHOOL,241.0,395.0,420.0,396.0,403.6666666666667,291851.0
338,382,24Q520,MIDDLE COLLEGE HIGH SCHOOL AT LAGUARDIA COMMUNITY COLLEGE,58.0,399.0,393.0,385.0,392.3333333333333,68266.0
339,383,24Q530,INTERNATIONAL HIGH SCHOOL AT LAGUARDIA COMMUNITY COLLEGE,69.0,326.0,409.0,329.0,354.6666666666667,73416.0
340,384,24Q550,HIGH SCHOOL FOR ARTS AND BUSINESS,138.0,391.0,403.0,380.0,391.3333333333333,162012.0
341,385,24Q560,"ROBERT F. WAGNER, JR. SECONDARY SCHOOL FOR ARTS AND TECHNOLOGY",80.0,443.0,447.0,440.0,443.3333333333333,106400.0
342,386,24Q600,QUEENS VOCATIONAL AND TECHNICAL HIGH SCHOOL,155.0,417.0,447.0,406.0,423.3333333333333,196850.0
343,387,24Q610,AVIATION CAREER & TECHNICAL EDUCATION HIGH SCHOOL,396.0,445.0,496.0,423.0,454.6666666666667,540144.0
344,389,25Q252,"QUEENS SCHOOL OF INQUIRY, THE",58.0,455.0,498.0,443.0,465.3333333333333,80968.0
345,390,25Q263,FLUSHING INTERNATIONAL HIGH SCHOOL,45.0,314.0,417.0,318.0,349.6666666666667,47205.0
346,391,25Q281,EASTsWEST SCHOOL OF INTERNATIONAL STUDIES,59.0,416.0,463.0,392.0,423.6666666666667,74989.0
347,392,25Q285,WORLD JOURNALISM PREPARATORY: A COLLEGE BOARD SCHOOL,63.0,471.0,489.0,481.0,480.3333333333333,90783.0
348,393,25Q425,JOHN BOWNE HIGH SCHOOL,558.0,397.0,451.0,395.0,414.3333333333333,693594.0
349,394,25Q460,FLUSHING HIGH SCHOOL,347.0,393.0,441.0,382.0,405.3333333333333,421952.0
350,395,25Q467,FLUSHING YABC,9.0,378.0,373.0,344.0,365.0,9855.0
351,396,25Q525,TOWNSEND HARRIS HIGH SCHOOL,278.0,621.0,651.0,638.0,636.6666666666666,530980.0
352,397,25Q540,QUEENS ACADEMY HIGH SCHOOL,17.0,398.0,382.0,388.0,389.3333333333333,19856.0
353,398,25Q670,ROBERT F. KENNEDY COMMUNITY HIGH SCHOOL,99.0,431.0,458.0,441.0,443.3333333333333,131670.0
354,399,25Q792,NORTH QUEENS COMMUNITY HIGH SCHOOL,7.0,379.0,421.0,377.0,392.3333333333333,8239.0
355,400,26Q415,BENJAMIN N. CARDOZO HIGH SCHOOL,888.0,480.0,545.0,489.0,504.6666666666667,1344432.0
356,401,26Q430,FRANCIS LEWIS HIGH SCHOOL,934.0,468.0,539.0,467.0,491.3333333333333,1376716.0
357,402,26Q435,MARTIN VAN BUREN HIGH SCHOOL,334.0,391.0,397.0,384.0,390.6666666666667,391448.0
358,403,26Q495,BAYSIDE HIGH SCHOOL,708.0,462.0,523.0,464.0,483.0,1025892.0
359,404,26Q566,"QUEENS HIGH SCHOOL OF TEACHING, LIBERAL ARTS AND THE SCIENCES",175.0,425.0,434.0,420.0,426.3333333333333,223825.0
360,405,27Q260,FREDERICK DOUGLASS ACADEMY VI HIGH SCHOOL,87.0,387.0,385.0,373.0,381.6666666666667,99615.0
361,406,27Q262,CHANNEL VIEW SCHOOL FOR RESEARCH,74.0,432.0,419.0,401.0,417.3333333333333,92648.0
362,407,27Q302,"QUEENS HIGH SCHOOL FOR INFORMATION, RESEARCH, AND TECHNOLOGY",44.0,391.0,401.0,364.0,385.3333333333333,50864.0
363,408,27Q308,ROBERT H. GODDARD HIGH SCHOOL OF COMMUNICATION ARTS AND TECHNOLOGY,93.0,423.0,426.0,416.0,421.6666666666667,117645.0
364,409,27Q309,ACADEMY OF MEDICAL TECHNOLOGY: A COLLEGE BOARD SCHOOL,36.0,367.0,379.0,348.0,364.6666666666667,39384.0
365,410,27Q323,SCHOLARS' ACADEMY,89.0,499.0,537.0,496.0,510.6666666666667,136348.0
366,411,27Q400,AUGUST MARTIN HIGH SCHOOL,101.0,377.0,371.0,360.0,369.3333333333333,111908.0
367,412,27Q410,BEACH CHANNEL HIGH SCHOOL,78.0,384.0,396.0,354.0,378.0,88452.0
368,413,27Q475,RICHMOND HILL HIGH SCHOOL,404.0,382.0,404.0,368.0,384.6666666666667,466216.0
369,414,27Q480,JOHN ADAMS HIGH SCHOOL,403.0,391.0,409.0,392.0,397.3333333333333,480376.0
370,415,27Q650,"HIGH SCHOOL FOR CONSTRUCTION TRADES, ENGINEERING AND ARCHITECTURE",194.0,429.0,491.0,425.0,448.3333333333333,260930.0
371,417,28Q310,QUEENS COLLEGIATE: A COLLEGE BOARD SCHOOL,68.0,420.0,445.0,400.0,421.6666666666667,86020.0
372,419,28Q338,QUEENS SATELLITE HIGH SCHOOL FOR OPPORTUNITY,6.0,403.0,408.0,367.0,392.6666666666667,7068.0
373,420,28Q350,JAMAICA GATEWAY TO THE SCIENCES,25.0,430.0,452.0,425.0,435.6666666666667,32675.0
374,421,28Q440,FOREST HILLS HIGH SCHOOL,762.0,456.0,497.0,454.0,469.0,1072134.0
375,422,28Q470,JAMAICA HIGH SCHOOL,90.0,342.0,368.0,353.0,354.3333333333333,95670.0
376,423,28Q505,HILLCREST HIGH SCHOOL,462.0,395.0,413.0,386.0,398.0,551628.0
377,424,28Q620,THOMAS A. EDISON CAREER AND TECHNICAL EDUCATION HIGH SCHOOL,422.0,452.0,478.0,442.0,457.3333333333333,578984.0
378,425,28Q680,QUEENS GATEWAY TO HEALTH SCIENCES SECONDARY SCHOOL,99.0,513.0,523.0,502.0,512.6666666666666,152262.0
379,427,28Q687,QUEENS HIGH SCHOOL FOR THE SCIENCES AT YORK COLLEGE,121.0,612.0,660.0,596.0,622.6666666666666,226028.0
380,428,28Q690,HIGH SCHOOL FOR LAW ENFORCEMENT AND PUBLIC SAFETY,74.0,406.0,406.0,384.0,398.6666666666667,88504.0
381,429,28Q896,"YOUNG WOMEN'S LEADERSHIP SCHOOL, QUEENS",68.0,439.0,445.0,432.0,438.6666666666667,89488.0
382,430,29Q248,QUEENS PREPARATORY ACADEMY,52.0,360.0,380.0,359.0,366.3333333333333,57148.0
383,431,29Q259,PATHWAYS COLLEGE PREPARATORY SCHOOL: A COLLEGE BOARD SCHOOL,46.0,401.0,397.0,375.0,391.0,53958.0
384,432,29Q265,EXCELSIOR PREPARATORY HIGH SCHOOL,49.0,402.0,398.0,402.0,400.6666666666667,58898.0
385,433,29Q272,GEORGE WASHINGTON CARVER HIGH SCHOOL FOR THE SCIENCES,59.0,436.0,427.0,424.0,429.0,75933.0
386,434,29Q283,PREPARATORY ACADEMY FOR WRITERS: A COLLEGE BOARD SCHOOL,43.0,370.0,367.0,363.0,366.6666666666667,47300.0
387,436,29Q492,"MATHEMATICS, SCIENCE RESEARCH AND TECHNOLOGY MAGNET HIGH SCHOOL",78.0,400.0,426.0,394.0,406.6666666666667,95160.0
388,437,29Q494,"LAW, GOVERNMENT AND COMMUNITY SERVICE HIGH SCHOOL",52.0,385.0,377.0,377.0,379.6666666666667,59228.0
389,438,29Q496,"BUSINESS, COMPUTER APPLICATIONS & ENTREPRENEURSHIP HIGH SCHOOL",49.0,379.0,414.0,359.0,384.0,56448.0
390,439,29Q498,HUMANITIES & ARTS MAGNET HIGH SCHOOL,62.0,393.0,381.0,377.0,383.6666666666667,71362.0
391,441,30Q301,ACADEMY FOR CAREERS IN TELEVISION AND FILM,98.0,410.0,440.0,405.0,418.3333333333333,122990.0
392,442,30Q445,WILLIAM CULLEN BRYANT HIGH SCHOOL,395.0,414.0,449.0,412.0,425.0,503625.0
393,443,30Q450,LONG ISLAND CITY HIGH SCHOOL,392.0,403.0,420.0,395.0,406.0,477456.0
394,444,30Q501,FRANK SINATRA SCHOOL OF THE ARTS HIGH SCHOOL,174.0,504.0,496.0,494.0,498.0,259956.0
395,445,30Q502,INFORMATION TECHNOLOGY HIGH SCHOOL,148.0,407.0,434.0,398.0,413.0,183372.0
396,446,30Q555,NEWCOMERS HIGH SCHOOL,143.0,323.0,475.0,329.0,375.6666666666667,161161.0
397,447,30Q575,ACADEMY OF AMERICAN STUDIES,135.0,487.0,492.0,491.0,490.0,198450.0
398,448,30Q580,BACCALAUREATE SCHOOL FOR GLOBAL EDUCATION,61.0,524.0,568.0,544.0,545.3333333333334,99796.0
399,449,31R047,CSI HIGH SCHOOL FOR INTERNATIONAL STUDIES,137.0,452.0,451.0,450.0,451.0,185361.0
400,450,31R064,GAYNOR MCCOWN EXPEDITIONARY LEARNING SCHOOL,61.0,398.0,412.0,385.0,398.3333333333333,72895.0
401,451,31R080,THE MICHAEL J. PETRIDES SCHOOL,107.0,472.0,488.0,466.0,475.3333333333333,152582.0
402,452,31R440,NEW DORP HIGH SCHOOL,391.0,424.0,437.0,416.0,425.6666666666667,499307.0
403,453,31R445,PORT RICHMOND HIGH SCHOOL,271.0,424.0,438.0,417.0,426.3333333333333,346609.0
404,454,31R450,CURTIS HIGH SCHOOL,375.0,437.0,435.0,429.0,433.6666666666667,487875.0
405,455,31R455,TOTTENVILLE HIGH SCHOOL,807.0,462.0,486.0,470.0,472.6666666666667,1144326.0
406,456,31R460,SUSAN E. WAGNER HIGH SCHOOL,535.0,455.0,474.0,459.0,462.6666666666667,742580.0
407,457,31R470,CONCORD HIGH SCHOOL,10.0,466.0,455.0,414.0,445.0,13350.0
408,458,31R600,RALPH R. MCKEE CAREER AND TECHNICAL EDUCATION HIGH SCHOOL,94.0,416.0,422.0,397.0,411.6666666666667,116090.0
409,459,31R605,STATEN ISLAND TECHNICAL HIGH SCHOOL,227.0,635.0,682.0,636.0,651.0,443331.0
410,460,31R607,YOUNG ADULT BOROUGH CENTER AT STATEN IS TECH HS,10.0,405.0,375.0,370.0,383.3333333333333,11500.0
411,461,32K403,ACADEMY FOR ENVIRONMENTAL LEADERSHIP,50.0,380.0,366.0,352.0,366.0,54900.0
412,462,32K545,EBC HIGH SCHOOL FOR PUBLIC SERVICEâ€“BUSHWICK,88.0,384.0,409.0,361.0,384.6666666666667,101552.0
413,463,32K549,BUSHWICK SCHOOL FOR SOCIAL JUSTICE,75.0,348.0,353.0,334.0,345.0,77625.0
414,464,32K552,ACADEMY OF URBAN PLANNING,67.0,342.0,364.0,354.0,353.3333333333333,71020.0
415,465,32K554,ALL CITY LEADERSHIP SECONDARY SCHOOL,39.0,428.0,465.0,422.0,438.3333333333333,51285.0
416,466,32K556,BUSHWICK LEADERS HIGH SCHOOL FOR ACADEMIC EXCELLENCE,23.0,347.0,358.0,350.0,351.6666666666667,24265.0
417,467,32K564,BUSHWICK COMMUNITY HIGH SCHOOL,24.0,359.0,317.0,358.0,344.6666666666667,24816.0
418,471,75Q811,P.S. Q811,32.0,429.0,444.0,433.0,435.3333333333333,41792.0
419,476,79Q950,GED PLUS s CITYWIDE,8.0,496.0,400.0,426.0,440.6666666666667,10576.0
420,477,79X490,PHOENIX ACADEMY,9.0,367.0,370.0,360.0,365.6666666666667,9873.0
